sequence,label
AAYLLAKINLKALAALAKKIL,1
AGYLLGKINLKPLAALAKKIL,1
AGYLLGKINLRALAALARRIL,1
AGYLLGPINLKALAALAKKIL,1
AWSFRVSYRGISYRRSR,1
CFITKALGISYGRKKRRQRRRPPQGSQTH,1
DSHAKRHHGYKRKFHEKHHSHRGY,1
DTWPGVEALIRILQQLLFIHFRIGCQH,1
GDCLPHLKLCKENKDCCSKKCKRRGTNIEKRCR,1
GIASNGQLPTPKT,1
GILLRNQVLPPQI,1
GLFNWLQLRPPSW,1
GLPVCGETCVGGTCNTPGCTCSWPVCTRN,1
GSNFFYQHRLPFS,1
GTSRANSYDNLKSETLTQ,1
GYRRTTPSYWRMWLR,1
KAFAKLAARLYRKALARQLGVAA,1
KGSWYSMRKMSMIRPFFPQQ,1
KIWFQNKKMKWKK,1
KKALLALALHHLAHLALHLALALKKA,1
KKTCRRINYCALNK,1
KLLKLLLKLLLKLLK,1
KLWMRWWSPTTRRYG,1
KLWMRWYSPTTRAYG,1
KPSARMLLLKGFGK,1
KQIKIWFQNKKMKWKK,1
KQINNWFINQRKRHWK,1
KRPTMRFRYTWNPMK,1
KTRYYSMKKTTMKIIPFNRL,1
KWFKIQLQIKKWKNKK,1
LITKQYRYPSRRRFN,1
LSTAADMQGVVTDGMASG,1
LSTAADMQGVVTDGMASGLDKDYLKPDD,1
MAMPGEPRRANVMAHKLEPASLQLRNSCA,1
MAPQRDTVGGRTTPPSWGPAKAQLRNSCA,1
MSDPNMNPGTLGSSHILW,1
NSAAFEDLRVLS,1
PLILLRLLRGQF,1
PLIYLRLLRGQF,1
PRLPRLPRLPRL,1
PYSRPHVQLWYPNRESCRSLIRSLGP,1
QDGGTWHLVAYCAKSHRY,1
RCGRASRCRVRWMRRRRI,1
RGADYSLRAVRMKIRPLVTQ,1
RGDRGDRRDLRLDRGDLRC,1
RGDRLDRRDLRLDRRDLRC,1
RGERGERRELRLERGELRC,1
RGERLERRELRLERRELRC,1
RGWEVLKYWWNLLQY,1
RIWFQNRRMRWRR,1
RKKTFKEVANAVKISA,1
RKLTTIFPLNWKYRKALSLG,1
RLIMRIYAPTTRRYG,1
RLLRLLLRLWRRLLRLLR,1
RLLRLLRRLLRLLRRLLRC,1
RLWMRWWSATTRAYG,1
RLWMRWYAPAARRYG,1
RLWMRWYSGTTRRYG,1
RLWMRWYSPRTRAYG,1
RLWMRWYSPTTRARG,1
RQIKIWFQNRRLKWKK,1
RRLRRLLRRLRRLLRRLR,1
RRRRNRTRRNRRRVR,1
RRRRRRRRRFF,1
RRRRWWWWRRRR,1
RWFKIQLQIRRWKNKK,1
RWFKIQMQIRRWKNKK,1
RWFRIQLQIRRWRNRR,1
RWRRWRRWRRWR,1
SDLWEMMMVSLACQY,1
SGEHTNGPSKTSVRWVWD,1
SLFRALWRLLESLWRLLWK,1
SLWRALWRLLRALWRLLWKA,1
SLWRALWRLLRNLWRLLWKA,1
SLWRALWRLLRSLWRLWRKA,1
SLWRALWRLWRSLWRLLWKA,1
SLWRALWRLWRSLWRLWRKA,1
SMTTMEFGHSMITPYKID,1
SPGNQSTGVIGTPSFSNH,1
SPTRPTHQGLLPVSNKYT,1
SSGANYFFNAIYDFLSNF,1
STAPGSLQEDILDSVPA,1
STHLQYHVNYTSRTVVSM,1
TPWWRLWTKWHHKRRDLPRKPE,1
TRRNKRNRIQEQLNRK,1
VDKGSYLPRPTPPRPIYNRN,1
VLTTGLPALISWIRRRHRRHC,1
VSRRRRRRGGRRRR,1
WKARRQAFRVLHHWN,1
WKARRQCFRVLHHWN,1
WKCRRQAFRVLHHWN,1
WKWRRQWFRVLHHWN,1
WWWRRRRRRRR,1
WWWWRRRRRRRR,1
YKQSHKKGGKKGSG,1
YSSAYEWFNRYKQPYYEL,1
AAAATAAAAAGLGE,0
AGGNLTGWHPDSAAVL,0
AITISNCHLTEHDDVMLLGASDTYTQDEI,0
AQKKAQEVICSAIQRFAGEFVVDR,0
ASYALEYGKAELEIQKDALEPGQRVVIVDDLLATGGTMCAACELLNQLR,0
AVAQSRGEIVALVNDDVEVIAPDWLSEMVALAQRPGVGCV,0
CFLSALTLSFATLPYYAYNYLLVGPLGFVPEDNALLSTVFTHSYLKD,0
CIFMSKKFIELGDPVTQDEKDYEDYVGV,0
DGGARFVEDAWVRDAGGGGRTRVIGEGKVIEKGGVNFSHVFGA,0
DSRYTVQSFSTDGHPDFIPSDSLDILSY,0
DVDSIYKIPALLRSQGLDDL,0
DVYPILSLQSCLDKRAAKGGVSPQQVAQAIAFA,0
DWGSAEEEGKALSSPTSPEHDFLKAWVYRPGEDTE,0
EDNADEMRMGNDGTPIFLSNHAGG,0
EEEEEEASFENESIEEPE,0
EHLPSNFFKGEECFQCKGAKKYTVECAQAAFSDRGFIPLFDTYH,0
EKKERYINELGLKKDDAEVIISSYEHAKFFEDLINAGHEPKLCVTW,0
ELMTLFKNLHKKGM,0
ERVIVAGLPKSRAAMHLDTVFSFCDRDLV,0
EVSMENMVTVGFFSCMGTLCLGAAAFSQCEDWSFFHAY,0
FSSADVRSIPIIQTWEENKALKTKITILRGELQMYQ,0
FTTFAVSTVCLPLFAFLFC,0
GGILKYFEEVGGSHYRGDCFVFDYRTALNPSLE,0
GHTINVVHSRGKSM,0
GKKIVGFHGRSGNALDALGVYFVHGSLTTSPPVYKLDAQGGTDGRVWDD,0
GKKLVQDLQLAGKLPASLTQ,0
GLFGGAGVGKTVLIMELINNIAKAHGGVSVFGGVGERTREGNDLYM,0
GLRPKSKERKGRMKILVTNDDGVH,0
GLTPSKILTEEAFMNAITADMALGCST,0
GQFIWKANPAIVEKLSEVGALMHTETISHSYMHCWRHKTP,0
GSCKYTANGGV,0
GSFSGTVSKIRIRATTITDFD,0
GSRGGEGGRAPREGPAGNGRDRGRSHAAEAPGDPQAAASLLAPMD,0
GVKLLEPIMKVEVV,0
HFYGMQKYHHEKLVQMLKDIYGNKMCPAIFAQEVSLKYLWEKDY,0
HLGCPEKYNFPWVS,0
HNACPDAYSYAYDDKRGTFTCNGGPNYAITFCPMRLVQLSR,0
IDVTSADALQKYGSI,0
ILDPALLRSGRLDRKIEFPMPNEEARARIMQIHSRKMNVSP,0
IMAHIDAGKTTTTERILYYTGKIH,0
IRSWRDLPQLLN,0
ITGAYVLISLFQSSQSCALEGTRGCYEVRDPMDLALLAAILTG,0
IVEENQQINAELKTLQNKHNTMTTGISTGADGSSAAEDGSYTEQLME,0
KCVHGRCIAPNTC,0
KGAEEMETVIPTDVMRRAGIKVTVAGLTGKEPVQCSR,0
KQEETTWSMGFDTTI,0
KSPCKRCTMDSSDPASPAYIIPRPGGEVICGGTYGVGDWDLSVNPET,0
LAALGQIRSLLSVRMGKEEELLMINGLGDIMNN,0
LAGANSIFYGERLLTTANNEADADAELLRDIG,0
LAMIKAAPPLDVDKVLNPSEPSVIYDDKNKLVDT,0
LECHPQQIEFSRLNLEYTIMSKR,0
LKKLIDQLGWYAPTFESMEMSHPPTILRK,0
LMLMATAFVGYVLPWGQMSFWGATVITNLFSAI,0
LNMLNRRDSSASTISSAYLSSRRSSGISPCFS,0
LPFIIAALAMVHLLFLHETGSNNPTGISSDADKIPFHPYYTIKDILGAL,0
LVYLFPLILAMALILLLTAFITKVNLHNK,0
MLRNAQARLLRDN,0
MNLKEARNFIDKKIVTEGMIPKTECCI,0
MVNVQPTNEKLIQRATNIIKEAAEIEESQAKEYLE,0
MWELEKKSAVADKHELLSLASSNHLGKSLQLLMDR,0
NHDVHVLTQVLRGMTSRNETLFQRAQKSIPGGVNSPVRAFRSVGGTPRF,0
NLSIKENCCSFAGNCSSYLYHTIYQALAD,0
NTRKRIIEMIEREIALARKSSGGRIIMKMNSLVDPATIQALYRASRA,0
PGVPDEVLMPEQTWADKAAYKAKAIELANEFKENFKKFESV,0
PLNKDKGEKEERPRQQDPQRKALLH,0
PRPMIHHSSLNFSFSGLKTFTSKVISNNTLNIQQKANIAR,0
QIRSYVLDDSRIKDLRTGVETRNTQAVLDGDLD,0
QKGANTIAIGYDEGSVTLKLGREEPAVS,0
QLREKQKVKRIYGVLERQFRRYFAEA,0
QQVGGIECSPVTGEITYGLERLAMY,0
QREENVKQAKAMGEKAKVSIRNIRKDANDAVKKLEKDKAI,0
QTGCQNTWIQSKCPASCFCRTEIIMKKRIPRIYIKYFLQI,0
RILHRDLKSKNIFLKNNLLK,0
RKMSRVKAMDNLTSKDVINRIKEMGIELRITDP,0
RYVDELNAGKDGPRGDNFNMRWIASMVADVHRILNRG,0
SLTSVHPDLMKILGDINSDFTRADEDEEIIVKAMSDYW,0
SLVSLFEKWDVSVAL,0
SVGIIQRDESPMEKGLSGLRGRDFELSDVFY,0
TEREAPISRRRRHPDDAGQFAVALVIIYRTL,0
TGARPGTSPKRCPTCGGTGQIRTTRTG,0
TQKKVPDKLLDSSTVTHLFKITENIG,0
TSEQIVRAYAPEQKM,0
TVDLSCGLVVTPLIGSSVSSSSMS,0
VAAQMQHVAAFSLVAAPLLPAAAANSPPGSGPGTLPGLPAPI,0
VASLIEEEGNPNLKLRLYVSGGGCSGFQY,0
VFHLKGGILQYLEDIPQDQSTWNGACFVFD,0
VGAQSLNALTGQIVPKDIQLATPPQVGAPATEYAALAELKAIASRNKRF,0
VKNVRQKSIVIGHNGEKIKKISMISRNNIEKKFY,0
VLASGAKRVSDA,0
VMVKGPGPGRESTIRALNAAG,0
VSYIIHGLMRMDTLQPDRCEIRGENFHWQGDALV,0
VVLDAGRVAQVGKPLELYHYPADRFVAGFIGSPKMNFLPVKVTATAI,0
YDAGRCDVYTTDQSGLYSLRLTL,0
YEQETEPMAKVKATMYYLKNTNFWM,0
YIKFHRLQDMEE,0
YYLGAHLPIFRSYLGGGSVFTILLTAILVATNVIPKYVVT,0
